question,answer
Nội quy lao động này thuộc phiên bản nào?,Phiên bản tháng 7 năm 2023
Cơ quan nào chịu trách nhiệm giám sát nội quy lao động?,"Phòng giám sát – Cục tiêu chuẩn lao động – Bộ Y tế, Lao động và Phúc lợi xã hội"
Tại sao việc tạo dựng môi trường làm việc lại quan trọng?,Việc tạo dựng một môi trường làm việc sáng sủa giúp người lao động có thể yên tâm làm việc là yếu tố rất quan trọng đối với các nơi làm việc không kể loại hình công việc và quy mô kinh doanh.
Nội quy lao động quy định những gì?,"Nội quy lao động quy định rõ ràng những tiêu chuẩn đãi ngộ, điều kiện lao động của người lao động như tiền lương, thời gian làm việc, nội quy thực hiện công việc"
Mục đích của việc quy định nội quy lao động là gì?,Mục đích của việc quy định nội quy lao động là giúp người lao động có thể yên tâm làm việc trong một môi trường làm việc sáng sủa
Mục đích của việc xây dựng nội quy lao động là gì?,nhằm tránh phát sinh mâu thuẫn giữa người lao động và người sử dụng lao động
Nội quy lao động gồm những loại điều khoản nào?,Điều khoản tuyệt đối cần thiết phải có và Điều khoản cần thiết tương đối
Điều khoản cần thiết tương đối được áp dụng trong trường hợp nào?,khi quy định ra những nội quy tại nơi làm việc
Luật nào quy định về tiêu chuẩn lao động?,"Luật số 49 năm 1947, hay còn gọi là Luật lao động"
Những điều khoản nào là tuyệt đối cần thiết phải có trong hợp đồng lao động?,Điều khoản liên quan đến thời gian làm việc
Điều khoản liên quan đến thời gian làm việc bao gồm những nội dung gì?,"Thời gian bắt đầu và kết thúc làm việc, thời gian nghỉ giải lao, ngày nghỉ, nghỉ phép, và chuyển đổi giờ làm việc"
Điều khoản liên quan đến tiền lương bao gồm những nội dung gì?,"Xác định, phương pháp tính và chi trả lương, hạn chốt và thời điểm chi trả lương, cũng như các vấn đề liên quan đến tăng lương"
Điều khoản liên quan đến trợ cấp thôi việc quy định về gì?,Phạm vi người lao động được áp dụng
Điều khoản nào liên quan đến lương tạm thời?,Điều khoản liên quan đến lương tạm thời (ngoại trừ trợ cấp thôi việc) và lương tối thiểu
Công ty có quy định gì về chi trả chi phí ăn uống và thiết bị lao động không?,"Có, công ty có điều khoản liên quan đến việc yêu cầu người lao động phải chi trả chi phí ăn uống và thiết bị lao động khác"
Công ty có quy định gì về an toàn và vệ sinh lao động không?,"Có, công ty có điều khoản liên quan đến an toàn và vệ sinh"
Nội quy lao động được áp dụng cho ai?,Tất cả người lao động trong nơi làm việc
Nội quy lao động phải tuân thủ những quy định nào?,Phải tuân thủ thỏa ước lao động tập thể và các quy định pháp luật
Ai có thẩm quyền ra lệnh thay đổi nội quy lao động?,Giám đốc văn phòng giám sát tiêu chuẩn lao động có thẩm quyền
Nội quy lao động được áp dụng cho những nơi làm việc nào?,Những nơi làm việc sử dụng trên 10 người lao động
Cần làm gì khi thay đổi nội quy lao động tại nơi làm việc sử dụng trên 10 người lao động?,Phải nộp cho giám đốc văn phòng giám sát tiêu chuẩn lao động có thẩm quyền
Một doanh nghiệp có nhiều cơ sở kinh doanh và cửa hàng thì tính tổng số người lao động như thế nào?,"phải coi mỗi cơ sở kinh doanh, cửa hàng là 1 nơi làm việc độc lập"
Điều kiện để một nơi làm việc phải có nội quy lao động?,sử dụng trên 10 người lao động
Doanh nghiệp nào cần lập nội quy lao động?,"Doanh nghiệp có nhiều nơi làm việc như cơ sở kinh doanh, cửa hàng, v.v."
Ai có thẩm quyền quản lý doanh nghiệp mẹ?,Giám đốc văn phòng giám sát tiêu chuẩn lao động
Khi nào cần nộp ý kiến cho giám đốc văn phòng giám sát tiêu chuẩn lao động?,Khi lập hoặc thay đổi nội quy lao động
Ai sẽ viết ý kiến nếu không có công đoàn lao động được tổ chức bởi quá bán số người lao động?,Người đại diện cho quá bán số người lao động
Khi nào người lao động được lắng nghe?,Khi lập hoặc thay đổi nội quy lao động
Tại sao phải kiểm tra kỹ nội dung khi lập hoặc thay đổi nội quy lao động?,Phải tuân thủ theo đúng quy trình và kiểm tra kỹ nội dung đó
Thay đổi nội quy lao động không có lợi cho người lao động cần lưu ý gì?,Phải tuân thủ theo đúng quy trình
Làm thế nào để thông báo nội quy lao động cho người lao động?,Phải thông báo cho người lao động về nội quy lao động đã lập bằng các phương pháp như phân phát
Có thể nộp nội quy lao động bằng hình thức nào?,Có thể nộp nội quy lao động bằng hình thức đăng ký điện tử
Trước khi thay đổi nội quy lao động cần làm gì?,Cần phải lắng nghe đầy đủ ý kiến đại diện của người lao động và kiểm chứng cẩn thận xem nội dung và lý do thay đổi có phù hợp hay không
Nội quy lao động được thể hiện như thế nào để người lao động có thể xem?,"Nội quy lao động được thể hiện tới từng người lao động, treo hoặc đặt ở những vị trí dễ thấy trong nơi làm việc hoặc lưu lại thành dữ liệu điện tử để người lao động có thể xem bất cứ lúc nào."
Nội quy lao động có hiệu lực khi nào?,Nội quy lao động chưa có hiệu lực nếu chỉ được lập ra và lắng nghe ý kiến từ đại diện người lao động.
Nội quy lao động được thể hiện dưới dạng nào?,"Nội quy lao động được thể hiện dưới dạng văn bản hoặc dữ liệu điện tử để người lao động có thể xem bất cứ lúc nào trên màn hình máy tính, v.v."
"Nếu có quy định về ngày áp dụng nội quy lao động, khi nào nội quy lao động sẽ bắt đầu có hiệu lực?",Nội quy lao động sẽ bắt đầu có hiệu lực sau khi thông báo cho người lao động
"Nếu không có quy định về ngày áp dụng nội quy lao động, khi nào nội quy lao động sẽ bắt đầu có hiệu lực?",Nội quy lao động sẽ bắt đầu có hiệu lực vào ngày nội quy làm việc được thông báo cho người lao động
Bản mẫu nội quy lao động này được lập dựa trên những quy định nào?,các quy định của pháp luật và các quy định liên quan tại thời điểm được ghi trên bìa
Tính chất của Bản mẫu nội quy lao động này là gì?,chỉ mang tính chất tham khảo
Tôi cần nghiên cứu kỹ những nội dung nào?,"Tiền lương, thời gian làm việc tại từng nơi làm việc"
Bản mẫu nội quy này được lập ra để áp dụng cho đối tượng nào?,Bản mẫu nội quy này chủ yếu được lập ra để áp dụng cho người lao động chính thức.
Người lao động bán thời gian có phải tuân theo bản mẫu nội quy này không?,Phải xác nhận xem những điều khoản trong bản mẫu nội quy này có thể áp dụng cho người lao động bán thời gian hay không.
Nếu người lao động bán thời gian hoặc nhân viên hợp đồng có thời hạn không thể áp dụng bản mẫu nội quy này thì phải làm gì?,"Nếu cần thiết, vui lòng lập một bản nội quy lao động khác."
Khi nào cần lập một bản nội quy lao động khác?,Khi cần thay đổi các điều khoản liên quan đến người lao động
Ai cần được lắng nghe ý kiến khi thay đổi nội quy lao động?,Người được công nhận là đại diện cho quá bán số người lao động bán thời gian hoặc người lao động có hợp đồng lao động có thời hạn
Căn cứ pháp lý cho việc lắng nghe ý kiến của người lao động khi thay đổi nội quy lao động?,"Điều 7, Luật liên quan"
Đoạn văn bản đề cập đến luật nào?,Luật lao động bán thời gian/có thời hạn (Luật số 76 năm 1993)
Mục đích của việc cải thiện quản lý tuyển dụng?,Cải thiện quản lý tuyển dụng đối với người lao động ngắn hạn và người lao động có hợp đồng lao động có thời hạn
Chương 2 trong sổ tay nhân viên đề cập đến vấn đề gì?,"Tuyển dụng, thuyên chuyển, v.v..."
Nội quy lao động quy định những điều gì về thời gian làm việc?,"Thời gian làm việc, thời gian nghỉ giải lao"
Điều 19 của nội quy lao động quy định về vấn đề gì?,"Thời gian làm việc, thời gian nghỉ giải lao"
Điều 23 trong sổ tay nhân viên quy định về vấn đề gì?,Nghỉ phép hưởng lương hằng năm
Điều 25 trong sổ tay nhân viên quy định về vấn đề gì?,Nghỉ trước và sau khi sinh
Điều 46 trong sổ tay nhân viên quy định về vấn đề gì?,Thời gian tính lương và ngày chi trả
Điều gì được quy định sau phần về tuổi nghỉ hưu?,Điều 52 (Thôi việc) và Điều 53 (Sa thải)
Chương 9 trong sổ tay nhân viên nói về vấn đề chuyển sang loại hợp đồng lao động nào?,Hợp đồng lao động vô thời hạn
Chương 10 trong sổ tay nhân viên đề cập đến vấn đề gì?,An toàn vệ sinh và Bồi thường tai nạn
Nội quy lao động quy định về những điều khoản nào?,Nội quy lao động quy định ra những điều khoản liên quan đến việc làm của người lao động của Công ty cổ phần.
Nội quy lao động được lập dựa trên cơ sở nào?,Nội quy lao động được lập dựa theo Điều 89 Luật tiêu chuẩn lao động (Luật lao động).
Phần nào của nội quy lao động quy định về phạm vi áp dụng và mục đích?,Phần nguyên tắc chung quy định về phạm vi áp dụng và mục đích của việc lập nội quy lao động.
Nội quy lao động được quy định dựa trên những cơ sở pháp lý nào?,Nội quy lao động được quy định dựa trên các quy định của Luật lao động và các văn bản pháp lý có liên quan.
Mục đích của Ví dụ nội quy lao động là gì?,Mục đích của Ví dụ nội quy lao động là quy định ra những điều khoản liên quan đến việc làm của người lao động.
Liệu tất cả các điều khoản liên quan đến việc làm của người lao động đều được quy định trong nội quy lao động?,"Không, không phải tất cả các điều khoản liên quan đến việc làm của người lao động đều được quy định trong nội quy lao động."
Nội quy lao động được dựa trên những quy định nào?,Nội quy lao động được dựa trên quy định pháp luật liên quan như Luật lao động.
Hợp đồng lao động không phù hợp với tiêu chuẩn nội quy lao động sẽ được xử lý như thế nào?,Những phần không hợp lệ sẽ phải tuân theo tiêu chuẩn được quy định trong nội quy lao động.
Cơ sở pháp lý cho việc xử lý hợp đồng lao động không hợp lệ?,Điều 12 Luật hợp đồng lao động
Phạm vi áp dụng của Nội quy này là gì?,Áp dụng cho người lao động của Công ty cổ phần ____
Có cần thiết phải lập ra nội quy lao động cho tất cả người lao động không?,Cần thiết phải lập ra nội quy lao động cho tất cả người lao động.
Nội quy lao động có phải hoàn toàn giống nhau cho tất cả người lao động không?,"Không, nội quy lao động không phải hoàn toàn giống nhau cho tất cả người lao động."
Người lao động bán thời gian và chính thức có hình thức làm việc giống nhau không?,"Không, người lao động bán thời gian có hình thức làm việc khác với người lao động chính thức."
Nội quy lao động cho người lao động bán thời gian được quy định như thế nào?,"Phải ghi rõ những điều đó vào nội quy lao động chính, lập ra quy định áp dụng cho người lao động bán thời gian và lập ra nội quy lao động riêng."
Nội quy lao động cho người lao động bán thời gian có cần tách biệt với nội quy lao động chính không?,"Có, những điều khoản liên quan đến việc làm của người lao động bán thời gian được quy định riêng, tách biệt với nội quy lao động chính."
Có cần lập quy định áp dụng cho người lao động bán thời gian không?,"Có, phải lập ra quy định áp dụng cho người lao động bán thời gian và lập ra nội quy lao động riêng."
Khi nào thì luật cấm phân biệt đối xử về chế độ đãi ngộ giữa lao động bán thời gian và lao động toàn thời gian có hiệu lực?,Kể từ tháng 4 năm 2020
"Đối với người lao động bán thời gian và người lao động có hợp đồng có thời hạn tại doanh nghiệp nhỏ và vừa, khi nào thì luật cấm phân biệt đối xử về chế độ đãi ngộ có hiệu lực?",Kể từ tháng 4 năm 2021
Các luật nào quy định về lao động phái cử và lao động chính thức?,Các luật như Luật lao động bán thời gian/có thời hạn và Luật đảm bảo hoạt động đúng đắn của dịch vụ giới thiệu việc làm và bảo vệ người lao động phái cử (Luật số 88 năm 1985).
Các yếu tố nào được xét khi so sánh lao động phái cử và lao động chính thức?,"Nội dung công việc, phạm vi thay đổi nội dung công việc và phân công công việc."
Các chế độ đãi ngộ nào được áp dụng cho lao động phái cử và lao động chính thức?,"Tất cả các chế độ đãi ngộ như phúc lợi, nghỉ phép, v.v., không chỉ áp dụng cho tiền lương."
Người lao động bán thời gian và người lao động có hợp đồng lao động có thời hạn có được đối xử công bằng về tiền lương như người lao động chính thức không?,"Không, có sự khác biệt về việc xử lý tiền lương giữa người lao động bán thời gian, người lao động có hợp đồng lao động có thời hạn và người lao động chính thức."
Người sử dụng lao động có phải giải thích về sự khác biệt giữa người lao động bán thời gian và người lao động chính thức không?,"Có, người sử dụng lao động phải giải thích rõ ràng về những điểm khác biệt đó và lý do dẫn đến sự khác biệt khi người lao động bán thời gian hoặc người lao động có hợp đồng lao động có thời hạn yêu cầu."
Căn cứ pháp lý nào quy định về việc đối xử với người lao động bán thời gian và người lao động có hợp đồng lao động có thời hạn?,Khoản 2 Điều 14 Luật lao động bán thời gian và lao động có hợp đồng có thời hạn.
Người lao động có nghĩa vụ gì đối với nội quy lao động?,Người lao động phải tuân thủ nội quy này.
Cả những ai phải tuân thủ các nội quy lao động?,Cả người lao động và người sử dụng lao động phải tuân thủ các nội quy lao động.
Chương ２ của sổ tay nhân viên quy định về những vấn đề gì?,"Chương này quy định về những điều khoản liên quan đến quy trình tuyển dụng, thời gian thử việc, nêu rõ điều kiện lao động, thuyên chuyển nhân sự và nghỉ việc tạm thời."
Doanh nghiệp tuyển dụng nhân viên như thế nào?,Doanh nghiệp tổ chức thi tuyển những người có nguyện vọng vào doanh nghiệp và tuyển dụng những người thi đỗ.
Mục đích của quy trình tuyển dụng trong doanh nghiệp là gì?,Mục đích của quy trình tuyển dụng là để tuyển dụng những người thi đỗ vào doanh nghiệp.
Doanh nghiệp cần phải làm gì khi tuyển dụng lao động?,"Doanh nghiệp phải tạo cơ hội bình đẳng, không phân biệt nam nữ khi tuyển dụng lao động"
Những yêu cầu nào bị coi là nghiêm cấm khi tuyển dụng?,"Những yêu cầu về thể lực, chiều cao, cân nặng, đáp ứng được yêu cầu chuyển việc cùng với chuyển chỗ ở khi tuyển dụng bị coi là nghiêm cấm do phân biệt"
"Căn cứ pháp lý nào quy định về chế độ đãi ngộ, cơ hội bình đẳng nam nữ trong lĩnh vực tuyển dụng?","Luật số 113 năm 1972, gọi là “Luật bình đẳng”"
"Khi được tuyển dụng, nhân viên cần nộp những loại hồ sơ gì?","Chứng minh thư ghi địa chỉ thường trú, bản sao bằng lái xe ô tô, bản sao bằng cấp chứng chỉ và những loại giấy tờ khác công ty chỉ định"
Nhân viên có cần nộp bản sao bằng lái xe ô tô không?,Chỉ trong trường hợp có bằng lái xe ô tô
Công ty yêu cầu nhân viên nộp lại những loại giấy tờ nào khi có thay đổi?,Những loại giấy tờ khác công ty chỉ định
Khi nào thì người lao động phải nộp lại các điều khoản thay đổi?,Khi có thay đổi về nội dung đề cập trong hồ sơ đã nộp
Khi nào thì thời gian thử việc được tính?,Đối với người đã được tuyển dụng như người lao động mới
Tại sao người lao động cần được giải thích khi nộp hồ sơ?,Vì cần làm rõ và giải thích về mục đích nộp những hồ sơ đó cho người lao động
Thời gian thử việc là bao lâu?,13 tháng kể từ ngày tuyển dụng
Doanh nghiệp có thể rút ngắn thời gian thử việc không?,"Có, nếu doanh nghiệp đặc biệt phê duyệt"
Thời gian thử việc quá dài có thể gây ra vấn đề gì?,Gây bất ổn cho tình trạng việc làm của người lao động
Trợ cấp báo trước sa thải được quy định như thế nào?,Trợ cấp báo trước sa thải tương đương ít nhất 30 ngày lương trung bình
"Khi tuyển dụng, công ty cần cung cấp những thông tin gì cho người lao động?","Công ty phải nêu rõ điều kiện lao động, bao gồm tiền lương, nơi làm việc, công việc sẽ làm, thời gian làm việc, ngày nghỉ và những điều kiện lao động khác"
Người lao động sẽ nhận được những tài liệu gì khi được tuyển dụng?,Người lao động sẽ nhận được nội quy và bản thông báo điều kiện lao động
"Khi tuyển dụng lao động, cần phải nêu rõ những điều kiện lao động nào?","Tiền lương, thời gian làm việc và những điều kiện lao động khác"
Nhà tuyển dụng phải gửi những thông tin gì dưới dạng văn bản cho người lao động?,Từ mục (1) đến mục (6) khi nêu điều kiện lao động (loại trừ điều khoản liên quan đến tăng lương)
Căn cứ pháp lý nào quy định về việc nêu điều kiện lao động cho người lao động?,"Điều 15 Luật lao động, Điều 5 Quy tắc thi hành Luật lao động"
Hợp đồng lao động có những điều khoản nào?,"Hợp đồng lao động có các điều khoản liên quan đến thời gian của hợp đồng lao động, tiêu chuẩn trong trường hợp gia hạn hợp đồng lao động có thời hạn, công việc đảm nhận và nơi làm việc, thời gian bắt đầu và kết thúc làm việc."
Điều khoản nào chỉ áp dụng trong trường hợp gia hạn hợp đồng có thời hạn?,Điều khoản liên quan đến tiêu chuẩn trong trường hợp gia hạn hợp đồng lao động có thời hạn chỉ áp dụng trong trường hợp gia hạn hợp đồng có thời hạn.
Những thông tin nào liên quan đến thời gian làm việc được quy định trong hợp đồng lao động?,"Những thông tin liên quan đến thời gian làm việc được quy định trong hợp đồng lao động bao gồm thời gian bắt đầu và kết thúc làm việc, có lao động vượt quá thời gian làm việc quy định hay không, thời gian nghỉ giải lao, ngày nghỉ, nghỉ phép."
"Điều khoản nào liên quan đến việc xác định, phương pháp tính và trả lương?","Điều khoản liên quan đến việc xác định, phương pháp tính và trả lương không bao gồm"
Người lao động có thể yêu cầu thông báo về điều kiện lao động bằng phương thức nào?,Người lao động có thể yêu cầu thông báo về điều kiện lao động bằng phương thức gửi bằng máy fax hoặc phương thức gửi thông tin qua phương tiện truyền thông điện tử.
Điều kiện để chấp nhận các hình thức thư điện tử là gì?,Chỉ chấp nhận các hình thức khi người lao động có thể tạo bản sao tài liệu bằng cách trích xuất bản ghi của thư điện tử hoặc các hình thức điện tử tương tự.
"Khi tuyển dụng người lao động bán thời gian, cần làm rõ những chế độ gì?","các chế độ như tiền thưởng, trợ cấp thôi việc và tăng lương"
Tại sao cần làm rõ các điều kiện lao động bằng văn bản cho ứng viên?,vì trong trường hợp hợp đồng lao động được coi là đã được ký kết thông qua quyết định tuyển dụng
Căn cứ pháp lý nào quy định việc làm rõ chế độ cho người lao động bán thời gian?,Khoản 1 Điều 6 Luật lao động bán thời gian/có thời hạn
Công ty có thể yêu cầu thuyên chuyển nghiệp vụ và nơi làm việc của người lao động trong trường hợp nào?,Trong trường hợp cần thiết thay đổi về mặt nghiệp vụ
Người lao động có thể từ chối thuyên chuyển công tác không?,"Không, trừ khi các khoản như tiền trợ cấp thôi việc và tiền lương được chi trả tạm thời"
Công ty có thể cử người lao động sang công ty liên quan không?,"Có, trong trường hợp cần thiết thay đổi về mặt nghiệp vụ"
Những vấn đề gì liên quan đến lương được đề cập?,các vấn đề liên quan đến tăng lương và thời điểm chi trả
Điều khoản liên quan đến thôi việc bao gồm những nội dung gì?,bao gồm cả lý do sa thải
Công ty có thể thay đổi nghiệp vụ công việc hay nơi làm việc sau khi tuyển dụng người lao động không?,"Có, công ty có thể thay đổi nghiệp vụ công việc hay nơi làm việc sau khi tuyển dụng người lao động."
Tại sao việc ghi rõ nội quy lao động lại quan trọng?,Việc ghi rõ nội quy lao động là quan trọng vì nó giúp tránh phát sinh tranh chấp khi yêu cầu thay đổi nơi làm việc không phù hợp với mong muốn của người lao động.
Có cần thỏa thuận đặc biệt nào về việc không thay đổi công việc hay không?,"Có, nếu không có thỏa thuận đặc biệt nào về việc không thay đổi, công ty có thể thay đổi nghiệp vụ công việc hay nơi làm việc sau khi tuyển dụng người lao động."
"Khi thay đổi nơi làm việc của người lao động, người sử dụng lao động cần xem xét đến yếu tố nào?",Hoàn cảnh chăm con và chăm sóc người thân của họ
Người lao động có quyền gì khi phải chăm con và chăm sóc người thân?,Được nghỉ chăm con và nghỉ chăm sóc người thân
Luật nào quy định về phúc lợi của người lao động phải chăm con và chăm sóc người thân?,"Luật số 76 năm 1991, gọi là “Luật nghỉ chăm con và chăm sóc người thân”"
Khi nào người lao động phải nghỉ việc tạm thời?,"Khi không thể đi làm do bị bệnh tật thương tích bên ngoài công việc phải nghỉ làm quá tháng, và cần tiếp tục điều trị"
Khi nào người lao động sẽ phải quay lại làm việc?,Khi lý do nghỉ việc tạm thời không còn trong thời gian nghỉ việc tạm thời
Người lao động có thể làm việc khác khi quay lại công ty không?,"Có, nếu việc quay trở lại với công việc ban đầu gặp khó khăn hay không phù hợp"
Người lao động có bắt buộc phải quay lại công việc ban đầu không?,"Không, có thể làm sang công việc khác nếu việc quay trở lại công việc ban đầu gặp khó khăn hay không phù hợp"
Người lao động có thể nghỉ việc tạm thời trong trường hợp nào?,Người lao động được miễn nghĩa vụ phải làm việc trong một khoảng thời gian nhất định nhưng vẫn được coi như người lao động bình thường do những lý do đặc biệt.
Thời gian thôi việc tạm thời có ý nghĩa gì?,Thời gian thôi việc tạm thời là khoảng thời gian người lao động được miễn nghĩa vụ phải làm việc nhưng vẫn được coi như người lao động bình thường.
Người lao động sẽ làm gì nếu chưa điều trị khỏi bệnh sau khi hết thời gian thôi việc tạm thời?,"Người lao động sẽ thôi việc sau khi hết thời gian thôi việc tạm thời nếu vẫn chưa điều trị khỏi bệnh, gặp khó khăn trong công việc."
Người lao động không thể làm việc được trong một thời gian dài do đâu?,"Do cá nhân của người lao động mà chủ yếu là bệnh tật, v.v."
Người lao động có thể bị hủy bỏ nghỉ việc tạm thời trong trường hợp nào?,Khi lý do nghỉ việc tạm thời không còn nữa
Liệu Luật lao động có quy định về định nghĩa nghỉ việc tạm thời hay không?,Không có quy định về định nghĩa nghỉ việc tạm thời
Người lao động cần phải làm gì với công việc của mình?,"Người lao động phải nhận thức được trách nhiệm của mình với công việc, tiến hành công việc một cách trung thực, cũng như phải tuân theo mệnh lệnh và chỉ thị của công ty, đồng thời nỗ lực nâng cao hiệu quả công việc và duy trì trật tự nơi làm việc."
Người lao động cần tuân thủ những gì?,Người lao động phải tuân thủ các điều khoản dưới đây
Luật nào cấm lạm dụng chức quyền ở nơi làm việc?,"Luật Thúc đẩy Chính sách Lao động tổng hợp, ổn định việc làm và cải thiện đời sống nghề nghiệp của người lao động (Luật số 132 năm 1966)"
Mục đích của việc cấm quấy rối tình dục là gì?,"Để không làm tổn hại đến môi trường làm việc và tạo ra cảm giác khó chịu, không thoải mái cho người lao động khác"
Chủ doanh nghiệp cần làm gì để ngăn chặn quấy rối tình dục tại nơi làm việc?,Chủ doanh nghiệp phải xem xét thực hiện những biện pháp cần thiết về mặt quản lý tuyển dụng
Những biện pháp nào cần được thực hiện về mặt quản lý tuyển dụng?,Những biện pháp cần thiết về mặt quản lý tuyển dụng
Những hành vi quấy rối nào bị cấm?,"Những hành vi liên quan đến xu hướng tình dục và bản dạng giới, gây ảnh hưởng xấu đến môi trường làm việc của người lao động khác"
Người lao động cần chú trọng vào việc quản lý thông tin nào?,Người lao động phải đặc biệt chú trọng vào việc quản lý thông tin liên quan đến công ty và các đối tác.
Người lao động cần làm gì khi thôi việc hoặc thay đổi công việc?,"Phải nhanh chóng trả lại dữ liệu, hồ sơ thông tin, tài liệu liên quan đến công ty và đối tác bản thân người đó đang quản lý."
Người sử dụng lao động có nghĩa vụ gì liên quan đến bảo vệ thông tin cá nhân?,Đưa ra chính sách quản lý thông tin cá nhân phù hợp
Người lao động cần làm gì để lưu lại thời gian bắt đầu và kết thúc công việc?,Người lao động phải tự mình quẹt thẻ khi bắt đầu và kết thúc công việc để lưu lại thời gian bắt đầu và kết thúc công việc.
Ai có trách nhiệm lập biện pháp quản lý thời gian làm việc?,Người sử dụng lao động nên lập ra các biện pháp để nắm quản lý thời gian làm việc.
Người sử dụng lao động cần nắm được thông tin gì về người lao động?,Tình hình thời gian làm việc của người lao động
Người sử dụng lao động có thể sử dụng phương pháp nào để ghi chép thời gian làm việc?,"Ghi chép bằng thẻ chấm công, ghi chép thời gian sử dụng các thiết bị điện tử như máy tính"
Tại sao người sử dụng lao động cần quản lý thời gian làm việc?,"Vì trong khuôn khổ Luật lao động, có các quy định liên quan đến thời gian làm việc, ngày nghỉ, làm việc vào ban đêm, v.v."
Người sử dụng lao động có nghĩa vụ gì?,"Phải quản lý thời gian làm việc một cách hợp lý, bao gồm việc nắm bắt chính xác thời gian làm việc."
Mục đích của việc quản lý thời gian làm việc là gì?,Để nắm bắt một cách chính xác thời gian làm việc trong khuôn khổ Luật lao động.
Thời gian làm việc được định nghĩa như thế nào?,"Thời gian làm việc là khoảng thời gian người lao động làm việc dưới sự chỉ huy, điều khiển của người sử dụng lao động"
Những khoảng thời gian nào sẽ được tính là thời gian làm việc?,Thời gian người lao động tham gia vào công việc theo chỉ thị trực tiếp hoặc gián tiếp của người sử dụng lao động
Ai quyết định thời gian chờ và công việc chuẩn bị cần thiết cho nhiệm vụ được giao?,Người sử dụng lao động quyết định thời gian chờ và công việc chuẩn bị cần thiết cho nhiệm vụ được giao.
Người sử dụng lao động cần làm gì để quản lý chính xác thời gian làm việc?,"Phải kiểm tra thời gian bắt đầu, kết thúc làm việc của mỗi ngày làm việc và lưu lại thời gian đó"
"Thời gian tham gia các khóa đào tạo, huấn luyện bắt buộc cho công việc được tính như thế nào?",Được tính vào thời gian làm việc
Người sử dụng lao động phải làm gì khi tiến hành theo hình thức tự khai báo?,Phải xem xét thực hiện những biện pháp cần thiết
Đối tượng nào phải tự khai báo?,Những người lao động thuộc diện tự khai báo
Cần làm gì khi yêu cầu người lao động báo cáo lý do ở lại nơi làm việc quá thời gian?,Xác minh tính chính xác của báo cáo đó
"Báo cáo về thời gian nghỉ giải lao, tham gia các khóa đào tạo tự nguyện, huấn luyện được coi là gì?",Không phải là thời gian làm việc
Thời gian làm việc được xác định như thế nào?,"Thời gian làm việc sẽ được coi là thời gian người lao động chịu sự chỉ huy, điều khiển của người sử dụng lao động, chẳng hạn như làm việc theo chỉ đạo của người sử dụng lao động."
Hình thức tự khai báo được xây dựng trên cơ sở nào?,Hình thức tự khai báo được xây dựng trên cơ sở giả định rằng người lao động sẽ khai báo chính xác.
Người sử dụng lao động nên làm gì để đảm bảo tính chính xác của báo cáo thời gian làm việc?,Người sử dụng lao động không nên xem xét thực hiện biện pháp cản trở người lao động khai báo chính xác về thời gian làm việc.
Mục đích của việc xác nhận thông báo nội bộ và biện pháp xử trí tại nơi làm việc là gì?,Để cắt giảm thời gian lao động làm thêm ngoài giờ
Tại sao việc tuân thủ thời gian làm việc lại quan trọng?,Việc tuân thủ thời gian làm việc theo quy định của Luật lao động là điều tất yếu
Làm thế nào để kiểm tra việc tuân thủ thời gian làm việc?,Cần kiểm tra xem liệu có tình trạng thực tế làm thêm giờ vượt quá số giờ cho phép nhưng lại ghi nhận là đã tuân thủ quy định hay không
Thỏa thuận lao động nào liên quan đến việc làm thêm giờ?,Thỏa thuận lao động hay còn gọi là Thỏa thuận 36
Người sử dụng lao động cần ghi chép những thông tin gì?,"Số ngày làm việc, số giờ làm việc, số giờ làm việc vào ngày nghỉ, số giờ làm thêm ngoài giờ và số giờ làm việc vào ban đêm cho từng người lao động."
Ai có trách nhiệm lập bảng lương chính xác?,Người sử dụng lao động
Căn cứ pháp lý nào quy định việc lập bảng lương?,Điều 108 của Luật lao động và Điều 54 của Quy tắc thi hành Luật lao động
Người sử dụng lao động có thể bị phạt bao nhiêu tiền nếu không ghi các điều khoản vào bảng lương?,"Người sử dụng lao động có thể bị phạt tiền lên đến 300,000 yên."
Người sử dụng lao động cần lưu trữ những loại tài liệu nào?,"Người sử dụng lao động phải lưu trữ danh sách người lao động, bảng lương và các tài liệu liên quan đến ghi chép thời gian làm việc."
Điều luật nào quy định về việc phạt người sử dụng lao động nếu không ghi đúng số giờ làm việc vào bảng lương?,Điều 120 của Luật này quy định về việc phạt người sử dụng lao động nếu không ghi đúng số giờ làm việc vào bảng lương.
"Người lao động cần làm gì khi đi muộn, về sớm, nghỉ làm hay ra khỏi nơi làm việc vì lý do cá nhân?",Phải xin phép trước và phải nhận được sự phê duyệt.
"Người lao động cần làm gì sau khi đi muộn, về sớm, nghỉ làm hay ra khỏi nơi làm việc vì lý do bất khả kháng?",Phải nhanh chóng xin phép phê duyệt
Trường hợp nào sẽ khấu trừ lương?,"Trường hợp đã quy định ở khoản trước, về nguyên tắc sẽ khấu trừ lương đối với khoảng thời gian không lao động theo quy định tại Điều ４５."
Người lao động cần làm gì khi nghỉ liên tiếp ngày do đau ốm?,Phải nộp giấy chẩn đoán bệnh của bác sĩ.
"Thời gian làm việc, thời gian nghỉ giải lao và ngày nghỉ có quan trọng trong nội quy lao động không?","Có, đó là những điều khoản tuyệt đối cần thiết"
Loại cơ sở kinh doanh nào được đề cập đến trong đoạn văn?,Cơ sở kinh doanh có dưới 10 người lao động
"Để đảm bảo điều kiện lao động thỏa mãn quy định của Luật lao động, có những phương pháp nào?","Có những phương pháp như: áp dụng chế độ nghỉ 2 ngày 1 tuần, áp dụng chế độ nghỉ 1 ngày 1 tuần và rút ngắn thời gian làm việc quy định trong 1 ngày, áp dụng chế độ thời gian làm việc thay đổi."
Mục đích của việc tham khảo những ví dụ nội quy lao động là gì?,Mục đích là để soạn thảo nội quy lao động phù hợp với thực trạng nơi làm việc.
Tại sao cần phải áp dụng các phương pháp để đảm bảo điều kiện lao động?,Để đảm bảo điều kiện lao động thỏa mãn quy định của Luật lao động từ khoản 2 đến 4 nêu trên.
Trước bao lâu thì phải thông báo cho người lao động về sự thay đổi thời gian làm việc?,Ít nhất trước 1 ngày
Khi nào thì người lao động sẽ được thông báo về công việc của mình theo ca?,Trước ngày 1 của tháng trước
Thời gian nào thì người lao động sẽ biết được lịch trình làm việc của mình?,Trước ngày 1 của tháng trước
Khi nào thì việc thay đổi hình thức làm việc từ làm việc giờ hành chính sang làm việc theo ca hoặc ngược lại được tiến hành?,Sau khi hết ca làm hoặc vào ngày nghỉ.
Trước bao lâu thì người lao động phải được thông báo về việc thay đổi hình thức làm việc?,Trước ngày 1 của tháng
Thời gian bắt đầu và kết thúc làm việc được quy định ở đâu?,Trong nội quy lao động
Có cần quy định thời gian nghỉ giải lao không?,"Có, phải được quy định trong nội quy lao động"
Nội quy lao động quy định như thế nào về thời gian nghỉ giải lao?,"Về nguyên tắc, thời gian nghỉ giải lao phải áp dụng đồng loạt cho tất cả người lao động tại nơi làm việc."
Có thể áp dụng thời gian nghỉ giải lao khác nhau cho từng người lao động không?,"Có, trong trường hợp khó triển khai đồng loạt, có thể đưa ra thời gian nghỉ giải lao luân phiên bằng cách kí kết thỏa thuận bằng văn bản với đại diện người lao động."
Làm thế nào để áp dụng thời gian nghỉ giải lao luân phiên?,Áp dụng thời gian nghỉ giải lao luân phiên bằng cách kí kết thỏa thuận bằng văn bản với đại diện người lao động.
Trong trường hợp nào thì người lao động không được nghỉ đồng loạt?,Trong trường hợp người lao động thuộc phạm vi những người lao động không được nghỉ đồng loạt theo quy định trong Thỏa thuận lao động.
Phải quy định những gì trong Thỏa thuận lao động đối với người lao động không được nghỉ đồng loạt?,Phải quy định phạm vi những người lao động không được nghỉ đồng loạt và cách bố trí thời gian nghỉ giải lao cho những người lao động này.
Những ngành nào được đề cập trong Quy tắc thi hành Luật lao động?,Ngành giao thông vận tải và ngành thương mại.
Người lao động có được tự do sử dụng thời gian nghỉ giải lao không?,"Có, người lao động phải được tự do sử dụng thời gian nghỉ giải lao."
Công ty có những loại ngày nghỉ nào?,"Ngày quốc lễ, ngày nghỉ cuối năm và đầu năm mới, ngày nghỉ hè, ngày nghỉ khác do công ty quy định"
Ngày nghỉ của người lao động được tính như thế nào?,Ngày nghỉ phải được đưa ra theo ngày dương lịch (tức 24 giờ liên tục từ 0 giờ sáng đến 12 giờ đêm).
Có trường hợp nào ngày nghỉ không cần theo ngày dương lịch không?,"Có, trường hợp áp dụng chế độ làm việc theo ca dựa trên luân phiên phân chia nhân sự vào các ca kíp, nếu đáp ứng các yêu cầu dưới đây, chỉ cần chọn ngày nghỉ là 24 giờ liên tục."
Ví dụ về chế độ làm việc theo ca là gì?,"Làm việc theo 3 ca, mỗi ca 8 tiếng."
Chế độ làm việc theo ca được quy định như thế nào?,Chế độ làm việc theo ca dựa trên luân phiên phân chia nhân sự vào các ca kíp được quy định trong nội quy lao động.
Làm thế nào để quy định việc luân phiên làm việc theo ca?,Việc luân phiên làm việc theo ca phải được quy định thành nội quy thay vì thiết lập từng lần ở bảng phân chia công việc.
Ngày nghỉ hoán đổi được định nghĩa như thế nào?,Ngày nghỉ hoán đổi là việc có thể thay đổi ngày nghỉ quy định.
"Nếu phải làm việc vào chủ nhật, ngày nghỉ quy định sẽ được định lại như thế nào?","Ngày nghỉ quy định sẽ được đổi thành ngày làm việc khác, chẳng hạn như thứ 2."
Nghỉ bù là chế độ gì?,Nghỉ bù là chế độ trong đó người lao động được miễn nghĩa vụ làm việc vào ngày làm việc xác định tiếp theo hoặc bất kỳ ngày làm việc nào theo nguyện vọng của người lao động
Ai quyết định ngày nghỉ bù?,Người lao động quyết định ngày nghỉ bù theo nguyện vọng của mình
Ngày nghỉ hoán đổi là gì?,Ngày nghỉ hoán đổi là việc ngày nghỉ theo quy định của pháp luật đã được xác định từ trước được thay sang ngày khác
Có cần phải làm việc vào ngày nghỉ trước khi thay thế để được nghỉ hoán đổi không?,Dù làm việc vào ngày nghỉ trước khi thay thế thì công ty vẫn phải cho nghỉ hoán đổi
Căn cứ nào để phân biệt ngày nghỉ hoán đổi và nghỉ bù?,Sự khác biệt giữa ngày nghỉ hoán đổi và nghỉ bù dựa trên Luật tiêu chuẩn lao động
Trường hợp nào cần phải chi trả tiền lương làm thêm?,Trường hợp ngày nghỉ đã thay thế kéo dài một tuần và thời gian làm việc thực tế trong tuần đó vượt quá thời gian làm việc trong tuần theo quy định của pháp luật
Nghỉ bù là trường hợp nào?,Người lao động phải làm việc vào ngày nghỉ đã được xác định
Tại sao cần phải chi trả tiền lương làm thêm cho người lao động?,Vì người đó đã bị bắt làm việc vào ngày nghỉ.
Điều kiện cần thiết để đổi ngày nghỉ là gì?,Phải đặt ra quy định về ngày nghỉ hoán đổi trong nội quy lao động.
Mục đích của việc chọn ngày nghỉ hoán đổi gần nhau là gì?,Để đảm bảo có 4 ngày nghỉ
Chế độ thời gian làm việc thay đổi theo tháng là gì?,2 ngày nghỉ cách tuần
Những ngày nào được coi là ngày nghỉ?,Chủ nhật và ngày thứ 7 thứ 2 cách 2 tuần bắt đầu từ ngày tháng năm
Công ty quy định những ngày nghỉ nào?,"Ngày quốc lễ, ngày nghỉ cuối năm và đầu năm mới, ngày nghỉ hè, ngày nghỉ khác do công ty quy định"
Công ty có thể thay đổi ngày nghỉ đã quy định không?,"Có, nếu công ty thấy cần thiết do tình hình công việc"
Thỏa thuận lao động cần phải nộp cho ai?,giám đốc văn phòng giám sát tiêu chuẩn lao động có thẩm quyền
Thông tin về phương thức lựa chọn đại diện người lao động trong Thỏa thuận lao động được quy định ở đâu?,phần giải thích trong Điều ２１ của ví dụ nội quy lao động này
Những thông tin nào cần được quy định rõ trong nội quy lao động khi áp dụng chế độ thời gian làm việc thay đổi theo tháng?,"Ngày bắt đầu của thời gian thay đổi, thời gian bắt đầu, kết thúc làm việc mỗi ngày, thời gian làm việc mỗi ngày và mỗi tuần trong thời gian thay đổi"
Nếu tuần có ngày quốc lễ thì ngày chủ nhật có phải là ngày nghỉ không?,"Không, vẫn được coi là ngày đi làm"
Chế độ nghỉ của nhân viên sẽ như thế nào nếu tuần có ngày quốc lễ?,Vẫn đảm bảo chế độ nghỉ 2 ngày 1 tuần
Phải quy định những gì trong nội quy lao động?,"Phải quy định cụ thể thời gian làm việc mỗi ngày, mỗi tuần theo quy định của pháp luật trong nội quy lao động."
Thời gian làm việc quy định trong một tuần theo chế độ nghỉ 2 ngày 1 tuần được quy định như thế nào?,Thời gian làm việc quy định trong một tuần theo chế độ nghỉ 2 ngày 1 tuần sẽ được quy định theo từng hình thức của chế độ nghỉ này.
Các hình thức của chế độ nghỉ 2 ngày 1 tuần là gì?,"Các hình thức của chế độ nghỉ 2 ngày 1 tuần bao gồm nghỉ vào Chủ nhật và Thứ 7 thứ hai, thứ ba, thứ tư trong tháng."
Điều kiện để áp dụng chế độ thời gian làm việc thay đổi theo năm?,Đã ký kết Thỏa thuận lao động liên quan đến chế độ thời gian làm việc thay đổi theo năm với đại diện người lao động
Thời gian xác định được quy định trong Thỏa thuận lao động liên quan đến chế độ thời gian làm việc thay đổi theo năm?,Chỉ khoảng thời gian xác định
Thời gian thông báo ngày nghỉ hằng năm cho người lao động là bao lâu?,trước 30 ngày kể từ ngày đầu tiên của thời gian áp dụng
Chế độ thời gian làm việc thay đổi theo năm được quy định trong văn bản nào?,Thỏa thuận lao động liên quan đến chế độ thời gian làm việc thay đổi theo năm
Khi nào thì thông báo về lịch nghỉ hằng tháng được gửi đến người lao động?,Trước 30 ngày kể từ ngày đầu tiên của thời gian áp dụng
Những ngày nào được coi là ngày nghỉ của người lao động?,"Chủ nhật, ngày quốc lễ, ngày nghỉ cuối năm và đầu năm mới"
Công ty quy định những loại ngày nghỉ nào?,Ngày nghỉ hè và ngày nghỉ khác do công ty quy định
Chế độ thời gian làm việc thay đổi theo năm áp dụng trong khoảng thời gian bao lâu?,"Dựa trên thỏa thuận lao động, nhưng không quá 1 năm"
Khi nào thì chế độ thời gian làm việc thay đổi theo năm sẽ phù hợp?,Khi có thể dự đoán một khoảng thời gian xác định trong năm sẽ rất bận rộn
Yêu cầu cần thỏa mãn khi áp dụng chế độ thời gian làm việc thay đổi theo năm là gì?,Phải quy định việc áp dụng chế độ thời gian làm việc thay đổi theo năm trong nội quy lao động
Những thông tin nào cần được quy định về thời gian làm việc?,"Phải quy định thời gian bắt đầu, kết thúc làm việc của từng ngày làm việc, thời gian nghỉ giải lao và ngày nghỉ"
Thỏa thuận lao động cần được ký kết với ai?,Đại diện người lao động
Thỏa thuận lao động cần quy định những điều khoản nào?,Phạm vi người lao động áp dụng
Vì sao cần đảm bảo ngày nghỉ trong năm?,Để phù hợp với thời gian làm việc quy định trong 1 ngày
Số ngày nghỉ trong năm là bao nhiêu để không đạt được khuôn khổ của chế độ làm việc 40 giờ 1 tuần?,Không vượt quá 105 ngày
Số ngày nghỉ trong năm được tính như thế nào?,Số ngày nghỉ trong năm cần đảm bảo để thỏa mãn chế độ làm việc 40 giờ 1 tuần.
Yếu tố nào ảnh hưởng đến số ngày nghỉ trong năm?,"Số ngày dương lịch trong năm, bao gồm cả năm nhuận, ảnh hưởng đến số ngày nghỉ trong năm."
Mục đích của chế độ thời gian làm việc thay đổi theo năm là gì?,Đưa ra tiền đề cho việc không làm thêm ngoài giờ cố định và không làm việc vào ngày nghỉ
Phải làm gì khi phát sinh làm thêm ngoài giờ một cách đột phát?,Cần ký kết và báo cáo thỏa thuận theo Điều 36 Luật lao động
Có thể yêu cầu nhân viên làm việc vào ngày nghỉ không?,"Có, tùy vào tình hình công việc"
Công ty cần làm gì khi yêu cầu người lao động làm việc vào ngày nghỉ?,Công ty phải ký kết trước Thỏa thuận lao động bằng văn bản với người đại diện quá bán người lao động
Ai là người đại diện mà công ty cần ký kết thỏa thuận với?,Người đại diện quá bán người lao động
Công ty cần nộp gì khi ký kết thỏa thuận lao động?,Không có thông tin cụ thể về việc nộp gì trong đoạn văn bản
Phụ nữ mang thai và sau sinh có phải làm thêm giờ không?,"Không, phụ nữ mang thai và sau sinh có yêu cầu cũng không phải làm thêm ngoài giờ thời gian làm việc quy định hoặc vào ngày nghỉ."
Có thể bố trí người lao động làm việc ngoài thời gian quy định không?,"Có, có thể bố trí người lao động làm việc ngoài thời gian làm việc quy định hoặc vào ngày nghỉ."
Điều kiện nào cho phép người lao động không làm thêm giờ?,Phụ nữ mang thai và sau sinh có yêu cầu cũng không phải làm thêm ngoài giờ thời gian làm việc quy định hoặc vào ngày nghỉ.
Người sử dụng lao động phải làm gì khi người lao động làm việc vào ngày nghỉ?,Ký kết và nộp Thỏa thuận lao động
Căn cứ pháp lý để ký kết Thỏa thuận lao động là gì?,Điều 36 Luật lao động
Người sử dụng lao động cần làm gì để bố trí người lao động làm thêm giờ?,Nộp thỏa thuận cho giám đốc văn phòng giám sát tiêu chuẩn lao động có thẩm quyền
Ai được coi là đại diện người lao động khi có công đoàn lao động?,Công đoàn lao động được tổ chức bởi quá bán số người lao động tại nơi làm việc
Người sử dụng lao động có thể bố trí người lao động làm việc vào ngày nghỉ không?,"Có, trong phạm vi thỏa thuận"
Ai là người đại diện cho quá bán số người lao động tại nơi làm việc?,Người đại diện quá bán
Người sử dụng lao động có được phép sa thải người đại diện quá bán không?,Không được đối xử bất lợi về điều kiện lao động như sa thải với lý do là người đại diện quá bán.
Người sử dụng lao động cần làm gì để bảo vệ người đại diện quá bán?,Phải thực hiện các biện pháp cần thiết để đảm bảo rằng không có đối xử bất lợi với người đại diện quá bán.
Nội quy lao động cần thông báo cho người lao động về những gì?,Nội quy lao động cần thông báo cho người lao động về Thỏa thuận 36 (Khoản 1 Điều 106 Luật lao động).
Giới hạn của việc kéo dài thời gian làm việc được quy định ở đâu?,Giới hạn của việc kéo dài thời gian làm việc được quy định trong Thỏa thuận 36 và Luật lao động.
Tổng thời gian làm thêm ngoài giờ và làm việc vào ngày nghỉ trong 1 tháng có giới hạn không?,Tổng thời gian làm thêm ngoài giờ và làm việc vào ngày nghỉ trong 1 tháng phải dưới 100 giờ
Tổng số giờ làm thêm ngoài giờ và làm việc vào ngày nghỉ có giới hạn như thế nào?,Dưới 100 giờ 1 tháng và trung bình không quá 80 giờ trong 2 - 6 tháng
Những biện pháp nào được áp dụng để đảm bảo sức khỏe và phúc lợi cho người lao động làm việc vượt quá thời gian giới hạn?,Biện pháp đảm bảo sức khỏe và phúc lợi cho người lao động được bố trí làm việc vượt quá thời gian giới hạn
Tỷ lệ tiền lương làm thêm khi làm việc vượt quá thời gian giới hạn là gì?,Tỷ lệ tiền lương làm thêm khi làm việc vượt quá thời gian giới hạn
Thủ tục trong trường hợp bố trí người lao động làm việc vượt quá thời gian giới hạn được quy định ở đâu?,Khoản 2 Điều 36 và Điều 17 Quy tắc thi hành Luật lao động
Khi nào chế độ nghỉ giữa ca làm việc trở thành nghĩa vụ của chủ doanh nghiệp?,Chế độ nghỉ giữa ca làm việc trở thành nghĩa vụ của chủ doanh nghiệp từ ngày 1 tháng 4 năm 2019
Luật nào quy định về việc sa thải hoặc đối xử bất lợi với người lao động?,Luật bình đẳng (Khoản 3 Điều 9)
Chế độ nghỉ giữa ca làm việc là gì?,Chế độ nghỉ giữa ca làm việc là chế độ nhằm đảm bảo thời gian sinh hoạt và thời gian ngủ nghỉ của người lao động bằng cách thiết lập thời gian nghỉ giải lao nhất định
Mục đích của chế độ nghỉ giữa ca làm việc là gì?,Mục đích của chế độ nghỉ giữa ca làm việc là đảm bảo thời gian sinh hoạt và thời gian ngủ nghỉ của người lao động
Lợi ích của việc đảm bảo thời gian nghỉ giữa ca là gì?,"Lợi ích của việc đảm bảo thời gian nghỉ giữa ca là người lao động có thể đảm bảo thời gian sinh hoạt và thời gian ngủ nghỉ đầy đủ, tiếp tục làm việc trong khi duy trì sự cân bằng giữa công việc"
Nội quy lao động quy định về những vấn đề gì?,Nội quy lao động quy định về thủ tục đăng ký và các vấn đề khác
Tại sao cần xây dựng các quy định như nội quy lao động?,Cần xây dựng các quy định như nội quy lao động khi cần thiết
Mục đích của việc quy định thời gian nghỉ giữa ca làm việc?,Để mỗi người lao động phải được nghỉ ngơi liên tục ít nhất ○ giờ sau khi kết thúc ca làm việc và trước khi bắt đầu ca tiếp theo trong 1 ngày
Mục đích của việc cấm làm thêm giờ sau một thời gian nhất định là gì?,Để đảm bảo thời gian nghỉ giữa ca
Người lao động cần đáp ứng điều kiện gì để được nhận 10 ngày nghỉ phép hưởng lương hằng năm?,Công tác liên tục trong vòng 6 tháng từ ngày được tuyển dụng và đi làm trên 80% số ngày làm việc quy định
Thời gian công tác liên tục để được nhận nghỉ phép hưởng lương hằng năm là bao lâu?,6 tháng từ ngày được tuyển dụng
Người lao động có thể lấy ngày nghỉ phép hưởng lương hằng năm không?,Có thể cho phép người lao động lấy ngày nghỉ phép hưởng lương hằng năm
Ai quyết định việc cho phép người lao động lấy ngày nghỉ phép?,"Không rõ, đoạn văn bản không cung cấp thông tin cụ thể"
Điều kiện để người lao động được lấy ngày nghỉ phép hưởng lương hằng năm?,Người lao động có thể lấy ngày nghỉ phép hưởng lương hằng năm trong Khoản 1 hoặc 2 vào thời gian họ yêu cầu
Người sử dụng lao động có thể yêu cầu người lao động lấy ngày nghỉ phép vào thời gian khác khi nào?,Khi việc lấy ngày nghỉ phép hưởng lương hằng năm vào thời gian họ yêu cầu gây cản trở đến việc vận hành kinh doanh bình thường
Người sử dụng lao động có thể chỉ định trước thời gian lấy ngày nghỉ đối với phần ngày nghỉ vượt quá bao nhiêu ngày?,5 ngày trong số ngày nghỉ phép hưởng lương hằng năm của mỗi người lao động
Người sử dụng lao động cần thỏa thuận bằng văn bản với ai để chỉ định trước thời gian lấy ngày nghỉ?,Đại diện người lao động
Công ty có thể chỉ định trước thời gian lấy ngày nghỉ phép hưởng lương hằng năm không?,"Có, công ty có thể chỉ định trước thời gian lấy ngày nghỉ đối với 5 ngày trong số ngày nghỉ phép hưởng lương hằng năm của người lao động."
Công ty cần làm gì khi chỉ định trước thời gian lấy ngày nghỉ phép hưởng lương hằng năm?,Công ty cần lắng nghe và tôn trọng ý kiến của người lao động đó.
Căn cứ pháp lý cho thời gian nghỉ trước và sau khi sinh?,Điều 65 Luật lao động đối với phụ nữ
Người chăm sóc của tôi có thể tham gia đào tạo mà không cần tôi có mặt không?,"Có, người chăm sóc của quý vị có thể tham gia các buổi đào tạo riêng hoặc theo nhóm mà không yêu cầu quý vị phải có mặt."
Chương trình đào tạo người chăm sóc có thể được thực hiện thông qua chăm sóc sức khỏe từ xa không?,"Có, các dịch vụ đào tạo có sẵn trực tiếp và thông qua chăm sóc sức khỏe từ xa."
Mục tiêu của chương trình đào tạo người chăm sóc là gì?,Chương trình đào tạo phải tập trung vào các mục tiêu về sức khỏe của quý vị và việc điều trị của quý vị phải cần có sự giúp đỡ của người chăm sóc để thành công.
Ai sẽ chuẩn bị kế hoạch chăm sóc cho người sử dụng?,Nhà cung cấp dịch vụ của quý vị sẽ chuẩn bị kế hoạch chăm sóc cho quý vị hoặc gia đình hoặc người chăm sóc không trả lương của quý vị.
Chương trình đào tạo tự kiểm soát bệnh tiểu đường bao gồm những nội dung gì?,"Chương trình có thể bao gồm các lời khuyên giúp ăn uống lành mạnh, chăm hoạt động, theo dõi đường huyết, dùng thuốc theo chỉ định."
Điều kiện để được đào tạo về dịch vụ liệu pháp dinh dưỡng y tế là gì?,Phải được chẩn đoán mắc bệnh tiểu đường và có chỉ định bằng văn bản của bác sĩ hoặc nhà cung cấp dịch vụ chăm sóc sức khỏe khác.
Tôi có thể tìm hiểu về các chương trình đào tạo bệnh tiểu đường ở đâu?,Quý vị có thể truy cập adces.org/program-finder để tìm các chương trình được chứng nhận gần quý vị
Tôi có thể được đào tạo về cách tự kiểm soát bệnh tiểu đường thông qua dịch vụ nào?,Quý vị có thể được đào tạo về cách tự kiểm soát bệnh tiểu đường từ bác sĩ hoặc nhà cung cấp dịch vụ chăm sóc sức khỏe khác thông qua dịch vụ chăm sóc sức khỏe từ xa
Những chuyên gia nào tham gia vào chăm sóc sức khỏe tâm thần?,"chuyên gia trị liệu vận động, chuyên gia bệnh học về khả năng nói, nhân viên xã hội, chuyên gia tâm lý học lâm sàng, chuyên gia trị liệu hôn nhân và gia đình và tư vấn viên sức khỏe tâm thần"
Tôi có thể tìm Trung tâm Sức khỏe Đủ tiêu chuẩn Liên bang gần nơi tôi sống không?,"Có, quý vị có thể truy cập findahealthcenter.hrsa.gov để tìm một trung tâm y tế gần quý vị."
Ai có thể cung cấp các dịch vụ liệu pháp dinh dưỡng y tế?,"Chỉ chuyên gia về chế độ ăn hoặc chuyên gia dinh dưỡng chuẩn định, những người đáp ứng các yêu cầu nhất định mới có thể cung cấp các dịch vụ liệu pháp dinh dưỡng y tế."
Những chuyên gia nào tham gia vào trường ngoại trú?,"Bác sĩ tâm thần hoặc bác sĩ khác, nhà tâm lý học lâm sàng, nhà trị liệu hôn nhân và gia đình, tư vấn viên sức khỏe tâm thần, chuyên gia y tá lâm sàng, nhân viên xã hội lâm sàng, y tá hành nghề, hoặc trợ lý bác sĩ"
Mục đích của liệu pháp hành vi béo phì là gì?,Giúp giảm cân bằng cách tập trung vào chế độ ăn uống và tập thể dục
Có thể sử dụng nhà cung cấp dịch vụ không tham gia chương trình được không?,"Nếu quý vị vẫn muốn sử dụng nhà cung cấp dịch vụ không tham gia chương trình, thì quý vị và nhà cung cấp dịch vụ đó có thể thiết lập các điều khoản thanh toán mà cả hai đồng ý thông qua một hợp đồng riêng."
Bác sĩ hoặc nhà cung cấp dịch vụ chăm sóc sức khỏe không tham gia chương trình phải làm gì?,Bác sĩ hoặc nhà cung cấp dịch vụ chăm sóc sức khỏe không tham gia chương trình phải làm theo các điều khoản đã được thỏa thuận trong hợp đồng riêng.
Làm thế nào để tự động gia hạn hợp đồng với nhà cung cấp dịch vụ?,Mỗi 2 năm một lần trừ khi nhà cung cấp dịch vụ yêu cầu không gia hạn trạng thái không tham gia của họ nữa.
Tôi có thể khám bệnh tại bất kỳ bệnh viện nào?,"Không, một số chương trình PFFS ký hợp đồng với một mạng lưới các nhà cung cấp dịch vụ đồng ý luôn điều trị cho quý vị."
Các chương trình có chữ cái cung cấp quyền lợi cơ bản như thế nào?,"Các chương trình có chữ cái đều cung cấp các quyền lợi cơ bản tương tự nhau, dù cho quý vị sinh sống ở đâu hoặc mua hợp đồng từ công ty bảo hiểm nào."
Hợp đồng Medigap có thể đài thọ cho bao nhiêu người?,Hợp đồng Medigap chỉ đài thọ cho một người.
Thời điểm tốt nhất để mua một hợp đồng Medigap là khi nào?,Thời gian Ghi danh Mở cho Medigap
Khi nào thì hợp đồng Medigap bắt đầu?,"Tháng đầu tiên sau khi quý vị đăng ký, trừ khi quý vị yêu cầu một ngày hiệu lực khác"
Tôi dưới 65 tuổi có thể mua được hợp đồng bảo hiểm Medigap không?,Có thể sẽ không mua được
Tại sao tôi dưới 65 tuổi có thể sẽ không mua được hợp đồng bảo hiểm Medigap?,Do luật liên bang không bắt buộc các công ty bảo hiểm bán Medigap cho những người dưới 65 tuổi
Tôi có thể mua hợp đồng bảo hiểm Medigap ở tuổi nào?,Quý vị có thể mua hợp đồng bảo hiểm Medigap cho đến khi quý vị bước sang tuổi 65.
Có phải tôi có thể mua hợp đồng bảo hiểm Medigap ở tuổi dưới 65?,"Có, nhưng nó có thể sẽ đắt hơn."
Tôi cần liên hệ với ai để biết thêm thông tin về mua hợp đồng bảo hiểm Medigap?,Quý vị cần liên hệ với Chương trình Hỗ trợ Bảo hiểm Y tế Tiểu bang (SHIP) của quý vị.
"Tôi cần tìm hiểu thêm về các quyền của mình khi mua hợp đồng bảo hiểm Medigap, phải làm thế nào?",Quý vị có thể tham khảo bảng của quý vị hoặc tìm kiếm sự giúp đỡ từ một đại lý hoặc nhà môi giới đáng tin cậy.
Tôi có thể tự mình tìm hiểu về các quyền của mình khi mua hợp đồng bảo hiểm Medigap hay không?,"Có, quý vị có thể tham khảo bảng của quý vị để tìm hiểu thêm về các quyền của mình."
Tôi cần làm gì để hủy hợp đồng Medigap của mình?,Liên hệ với công ty bảo hiểm của mình
Tôi có thể mua hợp đồng Medigap mới nếu công ty bảo hiểm đó không còn bán hợp đồng đó?,"Có, quý vị có thể mua một số hợp đồng Medigap nhất định, tùy thuộc vào luật tiểu bang."
"Nếu tôi có bảo hiểm từ chủ lao động hoặc công đoàn, tôi nên làm gì trước khi thực hiện bất kỳ thay đổi nào?",Hãy gọi cho quản trị viên quyền lợi của mình.
"Nếu tôi mất bảo hiểm thuốc và sức khỏe của chủ lao động hoặc công đoàn, tôi có thể sẽ không?","không có thông tin cụ thể, nhưng có thể sẽ không có bảo hiểm thuốc và sức khỏe."
Tôi có thể lấy lại được bảo hiểm của chủ lao động hoặc công đoàn không?,"Có, quý vị có thể lấy lại được bảo hiểm của chủ lao động hoặc công đoàn"
Tôi có thể trả phí IRMAA Phần D một cách riêng biệt khi chủ lao động thanh toán phí bảo hiểm cho tôi không?,"Có, quý vị sẽ trả các khoản IRMAA Phần D một cách riêng biệt, ngay cả khi chủ lao động của quý vị hoặc một bên thứ ba khác thanh toán phí bảo hiểm cho quý vị."
Bảo hiểm thuốc kê toa có uy tín có thể bao gồm thuốc từ đâu?,"chủ lao động hiện tại hoặc trước đây, công đoàn, TRICARE, Dịch vụ Y tế Ấn Độ (IHS), hoặc Bộ Cựu chiến binh (VA)"
Tôi có thể sử dụng bảo hiểm chủ lao động hoặc công đoàn để chi trả cho Extra Help không?,"Có, nếu quý vị có bảo hiểm chủ lao động hoặc công đoàn hiện tại hoặc trước đây."
Ai sẽ thông báo cho tôi về việc bảo hiểm thuốc của mình?,Chủ lao động hoặc công đoàn của tôi sẽ thông báo hàng năm
Ai sẽ được thông báo khi tôi thay đổi bảo hiểm?,Chủ lao động hoặc công đoàn sẽ được thông báo.
Tôi có thể giữ bảo hiểm sức khỏe sau khi kết thúc việc làm không?,"Có, theo luật COBRA, quý vị có thể tạm thời giữ bảo hiểm sức khỏe của chủ lao động sau khi kết thúc việc làm."
Tôi có thể tham gia bảo hiểm COBRA nếu tôi bị mất bảo hiểm với tư cách là người phụ thuộc của nhân viên được bảo hiểm không?,"Có, quý vị có thể tham gia bảo hiểm COBRA sau khi bị mất bảo hiểm với tư cách là người phụ thuộc của nhân viên được bảo hiểm."
Tôi có thể mua bảo hiểm thuốc đi kèm với Medigap không?,"Không, các hợp đồng Medigap không còn được bán có bảo hiểm thuốc đi kèm nữa."
Tôi có thể giữ lại hợp đồng Medigap cũ đã được bán có bảo hiểm thuốc không?,"Có, nếu quý vị có một hợp đồng Medigap cũ đã được bán có bảo hiểm thuốc, quý vị có thể giữ lại hợp đồng."
Chương trình bảo hiểm sức khỏe nào dành cho nhân viên liên bang?,Chương trình Quyền lợi Sức khỏe Nhân viên Liên bang (FEHB) dành cho các nhân viên liên bang hiện tại và đã nghỉ hưu và các thành viên gia đình được đài thọ.
"Tôi là nhân viên đương nhiệm của liên bang, làm thế nào để liên hệ với Cán bộ Quyền lợi của mình?",Quý vị có thể truy cập apps.opm.gov/abo để biết danh sách các Cán bộ Quyền lợi.
"Tôi là nhân viên đủ điều kiện của U.S. hoặc gia đình họ, tôi có được bảo hiểm thông qua chương trình nào?",Quý vị nhận được bảo hiểm thông qua Chương trình Phúc lợi Sức khỏe Dịch vụ Bưu chính (PSHB).
Ai có thể đủ điều kiện cho chương trình Cá nhân Khuyết tật và Đang làm việc Đủ tiêu chuẩn?,"Người bị khuyết tật, đang đi làm, hoặc mất phúc lợi An Sinh Xã Hội dành cho người khuyết tật và bảo hiểm miễn phí của Phần A."
Những gì không được bao gồm trong Extra Help?,"Nhà cửa, xe hơi, đồ gia dụng, lô đất mai táng, chi phí mai táng lên đến $1,500 (mỗi người), hoặc các hợp đồng bảo hiểm nhân thọ."
Tôi có thể mua Medigap hợp đồng nào trong vòng 63 ngày sau khi bảo hiểm theo chương trình kết thúc?,Quý vị có thể mua một số Medigap hợp đồng nhất định theo luật liên bang trong vòng 63 ngày sau khi bảo hiểm theo chương trình của quý vị kết thúc.
Tổng chi phí tối đa cho việc sao chép thông tin y tế là bao nhiêu?,"Tổng chi phí tối đa không được cao hơn chi phí lao động sao chép thông tin, vật liệu tạo ra bản sao và cước phí bưu chính (nếu có)"
Hồ sơ Sức khỏe Điện tử là gì?,"Hồ sơ Sức khỏe Điện tử là tiền sử về các tình trạng bệnh lý, điều trị và chăm sóc sức khỏe của quý vị mà bác sĩ, nhà cung cấp dịch vụ chăm sóc sức khỏe khác, nhân viên văn phòng y tế, hoặc bệnh viện của quý vị lưu giữ trên máy tính."
"Tôi muốn biết thông tin về Chương trình Quyền lợi Sức khỏe Nhân viên Liên bang, nhưng tôi không biết liên hệ nào?",Bạn có thể liên hệ với Văn phòng Quản lý Nhân sự hoặc truy cập vào trang VA.gov hoặc eBenefits.va.gov để biết thêm thông tin.
Mục tiêu khi sử dụng Toolkit là gì?,"Mục tiêu khi sử dụng Toolkit là đảm bảo cơ hội tham gia có ý nghĩa của các cộng đồng đa dạng trong CID, tạo ra tiếng nói và vận động mạnh mẽ của cộng đồng về các dự án và chính sách ảnh hưởng đến CID, và thực hiện các dự án theo hướng hỗ trợ mục tiêu và nhu cầu của cộng đồng."
Phần nào của tài liệu này cung cấp một cái nhìn tổng quan chi tiết về quy trình?,Phần 3. Planning Guide
Quy trình này có thể được mô tả như thế nào?,"Quy trình này có thể được mô tả bằng các bước: đưa ra vấn đề và đánh giá, nhóm thảo luận, khám phá những thách thức và cơ hội, đồng thời xác định những điểm thay đổi kế hoạch."
Quý vị muốn biết điều gì trong quy trình này?,Không có thông tin cụ thể về điều gì quý vị muốn biết trong quy trình này.
Quy trình Cộng Đồng CID có những giá trị cốt lõi nào?,"Minh Bạch và Tin Cậy, Cộng Tác và Mục Đích Chung, Hồi tưởng quá khứ để tiến về tương lai, Tập trung cùng nhau làm việc vì lợi ích chung."
Giá trị Minh Bạch và Tin Cậy của Quy Trình Cộng Đồng CID bao gồm những gì?,"Rõ ràng và công khai về quy trình cũng như việc ra quyết định, Báo cáo lại cách dữ liệu nhận được và ý kiến góp ý đã được sử dụng hoặc cung cấp thông tin về công việc."
Mục tiêu chung của Quy Trình Cộng Đồng CID là gì?,Tập trung cùng nhau làm việc vì lợi ích chung.
Quy trình của CID phản ánh các giá trị cốt lõi như thế nào?,"Quy trình của CID có thể phản ánh các giá trị cốt lõi của khu, bao gồm đầu tư vào việc xây dựng năng lực và kiến thức cộng đồng, đảm bảo hỗ trợ ngôn ngữ chất lượng cao và quý trọng thời gian của các thành viên trong cộng đồng."
Cộng đồng sẽ mang đến tiếng nói và sự ủng hộ mạnh mẽ cho những gì?,Các dự án và chính sách bên ngoài.
Chúng tôi ủng hộ các quy trình gì?,các quy trình cân bằng và thúc đẩy việc lập kế hoạch cũng như thiết kế công tốt
Bạn xây dựng mối quan hệ với ai?,Nhân viên của các doanh nghiệp trong khu
Các chủ đề phổ biến nào đang tồn tại?,Di sản trong quá khứ làm tổn hại đến cộng đồng do các dự án và chính sách công gây ra vẫn đang tồn tại cho đến ngày nay và mối quan ngại lớn về việc di dời cư dân và doanh nghiệp trong Khu Phố Tàu-Quốc Tế (CID)
Ai phụ trách tổ chức sự kiện?,"Đội ngũ nhân viên của Sound Transit cùng các cơ quan đối tác, cố vấn, Nhân Viên Kết Nối Cộng Đồng và thông dịch viên tiếng Quảng Đông và Quan Thoại"
Những người tham gia hội thảo được mời chia sẻ về điều gì?,Cách quy trình này phản ánh các giá trị cốt lõi và hỗ trợ các mục tiêu của khu phố
Quy trình tương tác này có thể phản ánh các giá trị cốt lõi của khu phố như thế nào?,Quy trình tương tác này có thể phản ánh các giá trị cốt lõi của khu phố thông qua việc áp dụng Bộ Công Cụ Tương Tác CID và các giá trị cốt lõi của khu phố được bao gồm trong bộ công cụ này.
Bộ Công Cụ Tương Tác CID có vai trò gì trong quy trình tương tác?,Bộ Công Cụ Tương Tác CID được áp dụng để phục vụ dự án.
Khi nào thì tôi sẽ hiểu được những tác động tiềm ẩn của từng phương án?,Khi đi vào hoạt động trong quy trình sắp tới.
Mối quan ngại của nhân viên về dự án xây dựng là gì?,Mối quan ngại về thời gian thi công và tác động của công trình xây dựng
Nhân viên có đề xuất gì để giảm thiểu tác động của dự án?,Kiến nghị để xem xét các phương pháp thi công khác nhau
Mối quan tâm của nhân viên về dịch vụ phương tiện công cộng là gì?,Mối quan tâm về việc khám phá cách di dời dịch vụ phương tiện công cộng trong quá trình xây dựng
Thế nào là ưu tiên khi tuyển dụng?,Ưu tiên kinh nghiệm lái xe lâu năm và khả năng tiếp cận khu phố.
Mối quan ngại của nhân viên về việc xây dựng CID?,Mối quan ngại về nhà ở giá cả phải chăng và cách trạm đường sắt nhẹ mới có thể góp phần làm tăng giá trị bất động sản trong CID.
Mong muốn của nhân viên về việc xây dựng CID?,Mong muốn đơn giản hóa việc trung chuyển sang các phương tiện giao thông khác cũng như cải thiện mức độ an toàn cho người đi bộ và đường phố xung quanh bất kỳ trạm nào trong tương lai.
"Lý do nhân viên muốn giảm thiểu tiếng ồn, độ rung lắc và giao thông/cấm đường?",Để tránh tác động đến hoạt động kinh doanh.
Quy trình nào được sử dụng để yêu cầu EAC xem xét lại Quyết Định của Cơ Quan?,"Một tiến trình chính thức, theo đó, EAC được yêu cầu xem xét lại Quyết Định của Cơ Quan."
Tên gọi khác của quy trình kiểm tra?,Audit Trail (Quy Trình Kiểm Tra)
Quy trình kiểm tra cho máy ghi trực tiếp là gì?,Audit Trail for Direct-Recording Equipment
Quy trình lập lại lá phiếu được quy định như thế nào?,"Quy trình lập lại lá phiếu thường được thực hiện theo tiến trình được quy định, theo đó phiếu bầu từ những lá phiếu bị hỏng hoặc không phù hợp được sao chép vào lá phiếu mới."
Certificate của Nhân Viên Lưu Hành được xác nhận như thế nào?,Bằng tuyên thệ hoặc xác nhận
Giải thích về Computer Judge?,Là Nhân Viên Máy Điện Toán.
PKI là gì?,"PKI là một tập hợp các vai trò, chính sách và thủ tục cần thiết để tạo, quản lý, phân phối, sử dụng, lưu trữ và thu hồi chứng nhận kỹ thuật số và quản lý mã hóa khóa công khai."
PKI là gì?,"PKI là một tập hợp nhiều chức năng, chính sách và thể thức cần thiết để tạo lập, quản lý, phân phối, sử dụng, lưu trữ và thu hồi chứng chỉ kỹ thuật số và quản lý mã hóa khóa công khai."
Cử tri quyết định về những gì trong Dân Chủ Trực Tiếp?,"sáng kiến về chính sách, sáng kiến, dự luật và qua trưng cầu dân ý"
IDS là gì?,"IDS là một ứng dụng cho vật liệu hoặc nhu liệu để phát hiện và báo cáo vi phạm an ninh đáng ngờ, vi phạm chính sách hoặc xâm phạm nào khác có thể ảnh hưởng xấu đến hệ thống."
IDS có thể phát hiện những gì?,"IDS có thể phát hiện và báo cáo vi phạm an ninh đáng ngờ, vi phạm chính sách hoặc xâm phạm nào khác có thể ảnh hưởng xấu đến hệ thống."
IDS có thể ảnh hưởng xấu đến hệ thống như thế nào?,"IDS có thể ảnh hưởng xấu đến hệ thống nếu có vi phạm an ninh đáng ngờ, vi phạm chính sách hoặc xâm phạm nào khác."
Giải thích về Legal Holiday?,Ngày nghỉ lễ theo luật định và thường là ngày không làm việc trong năm.
